Keywords,Alpha,C,kernel,Average_F1,StDv_F1,Average_Accuracy,StDv_Accuracy,Average_Precision,StDv_Precision,Average_Recall,StDv_Recall
Positive,1.25,1.0,linear,0.8413418031244119,0.05393785011314313,0.7666666666666667,0.07453559924999302,0.897020202020202,0.06277533983580548,0.7984265734265734,0.08802290819887522
Negative,1.25,1.0,linear,0.8831658615136877,0.06390822625449798,0.82,0.09451631252505219,0.8285347985347986,0.090744578274555,0.9527272727272728,0.06515081042606878
Positive,1.25,1.25,linear,0.8232324680150768,0.05103040263372366,0.7533333333333333,0.052068331172711056,0.8850757575757576,0.08575665741141343,0.774004884004884,0.05164585329819384
Negative,1.25,1.25,linear,0.8729720810590378,0.04525808944474464,0.8066666666666664,0.06289320754704406,0.8563086913086911,0.05473818028450332,0.8953574203574204,0.07265123726117743
Positive,1.25,1.5,linear,0.839249632137504,0.08441945420849702,0.7733333333333334,0.0997775303139718,0.8673931623931622,0.10266555701532955,0.8233877233877234,0.1064316579487128
Negative,1.25,1.5,linear,0.8820052700922266,0.048375640958758084,0.82,0.07333333333333336,0.8904079254079255,0.07990356814459253,0.8833566433566433,0.0803850099675561
Positive,1.25,1.75,linear,0.8161298701298701,0.15126423775593031,0.7666666666666667,0.14981470036162822,0.8671212121212122,0.12359039920988808,0.8044055944055944,0.20623752939032078
Negative,1.25,1.75,linear,0.8470938143981623,0.06128901217008259,0.7666666666666667,0.08027729719194866,0.7926540126540127,0.08626637650912196,0.916825396825397,0.06309379053944951
Positive,1.25,2.0,linear,0.7940930117279559,0.07829481128704933,0.72,0.09797958971132714,0.8862193362193362,0.1056658879963591,0.7268414918414918,0.0911983332711552
Negative,1.25,2.0,linear,0.9090733421168204,0.04512564621602712,0.86,0.06289320754704404,0.8662137862137861,0.0919600638139911,0.9663419913419913,0.0415292612652571
Positive,1.25,2.25,linear,0.7864147110199742,0.08350956630734092,0.7266666666666667,0.0813770374382247,0.8714646464646465,0.09367917690116141,0.7233119658119659,0.10676880049298754
Negative,1.25,2.25,linear,0.8560993354471617,0.07218064805898833,0.7866666666666666,0.10241527663824813,0.8081002331002332,0.13390590187717197,0.9283877233877235,0.05084997882727517
Positive,1.25,2.5,linear,0.8469869007168779,0.06579196703192842,0.8,0.0843274042711568,0.9488888888888891,0.06798692684790379,0.7764063714063715,0.1120498351669238
Negative,1.25,2.5,linear,0.9033077870315722,0.08331747800154153,0.8533333333333333,0.11469767022723502,0.8754245754245755,0.12011822840028553,0.9428571428571428,0.07871159535376152
Positive,1.25,2.75,linear,0.8394478523674916,0.05229993434841639,0.78,0.06699917080747263,0.9244988344988345,0.07179949707096354,0.7793006993006993,0.09256624511258948
Negative,1.25,2.75,linear,0.8259762551776955,0.13107634977925323,0.7666666666666666,0.14063348739819326,0.8283327783327783,0.11050291145710674,0.835534188034188,0.17374730489650492
Positive,1.25,3.0,linear,0.8069466446865828,0.06732497814930821,0.7533333333333332,0.08459051693633017,0.9044444444444446,0.09100942835433433,0.7371445221445221,0.09320553045300559
Negative,1.25,3.0,linear,0.8521214650502575,0.05395973441555483,0.7866666666666666,0.06531972647421812,0.8055821955821955,0.09371712896275759,0.9183333333333333,0.07868714422741915
Positive,1.25,3.25,linear,0.8148704503644604,0.08220892810572088,0.7466666666666666,0.10241527663824813,0.8727597402597403,0.07054334795636764,0.7806177156177155,0.13442214771840075
Negative,1.25,3.25,linear,0.8610142417968506,0.06726164810496367,0.8,0.0894427190999916,0.8391841491841492,0.10234854706205944,0.8948989898989901,0.08277050522406783
Positive,1.5,1.0,linear,0.8085349737981318,0.034833461370575795,0.7400000000000001,0.05537749241945387,0.8183333333333331,0.07080010113684622,0.8074281274281276,0.0644101701017741
Negative,1.5,1.0,linear,0.9127066062928133,0.07158116575315364,0.8600000000000001,0.10519822558706333,0.8828021978021979,0.0971317946424581,0.9502380952380953,0.06905952278342814
Positive,1.5,1.25,linear,0.8683661355171652,0.054184960027907805,0.82,0.06000000000000002,0.8798076923076923,0.09181637855062252,0.8678379953379954,0.07826663783112589
Negative,1.5,1.25,linear,0.8534762054624755,0.09279888555091978,0.7866666666666666,0.11075498483890768,0.8225363525363525,0.10240840055075863,0.8938578088578091,0.10466576911115456
Positive,1.5,1.5,linear,0.8123920630453139,0.0662458289420289,0.7733333333333333,0.06798692684790382,0.8224567099567098,0.07882701518947734,0.8187640137640138,0.11872384850155226
Negative,1.5,1.5,linear,0.8426997698462231,0.08740943439227795,0.78,0.11944315244779281,0.7743556443556444,0.1344204213099831,0.939403651903652,0.0652473715957482
Positive,1.5,1.75,linear,0.8419022381127645,0.07448070636164494,0.7933333333333333,0.06289320754704406,0.8831168831168832,0.10675297465408773,0.8218542568542568,0.11933766516430566
Negative,1.5,1.75,linear,0.8387639751552796,0.04981038769944229,0.7533333333333334,0.07333333333333338,0.763020313020313,0.09196486540807026,0.9468181818181819,0.07035411545222636
Positive,1.5,2.0,linear,0.8223322194374827,0.09684996870436521,0.76,0.13063945294843618,0.8753571428571428,0.06765342342918118,0.7881313131313131,0.15220989708335492
Negative,1.5,2.0,linear,0.8527461678926208,0.07530842958700802,0.78,0.0991071249821234,0.7960805860805861,0.13472603162439487,0.9394047619047619,0.06979572152907493
Positive,1.5,2.25,linear,0.8834198699850875,0.03509400373043089,0.8266666666666668,0.044221663871405345,0.9174087024087024,0.04984505844252008,0.8561821511821511,0.06158100080484851
Negative,1.5,2.25,linear,0.8964809972636061,0.054114239261658294,0.8333333333333336,0.08563488385776753,0.8456959706959706,0.06676477354399654,0.9567016317016318,0.05952850685539943
Positive,1.5,2.5,linear,0.8147867616746334,0.08420550635260232,0.7533333333333332,0.10349449797506685,0.9044011544011544,0.07693816577214319,0.7587379287379287,0.1381656949806266
Negative,1.5,2.5,linear,0.8894040723998904,0.04863140630947902,0.8333333333333334,0.06831300510639733,0.8631052281052283,0.07266560090228631,0.927878787878788,0.08905740454307308
Positive,1.5,2.75,linear,0.8425459632573646,0.05908683570427148,0.78,0.08459051693633016,0.9214141414141415,0.09501051123522629,0.7879895104895105,0.09260118531760825
Negative,1.5,2.75,linear,0.8786490953657371,0.05866821719078833,0.8133333333333332,0.08326663997864532,0.8336130536130536,0.09705644317926812,0.9382828282828284,0.05592065523279512
Positive,1.5,3.0,linear,0.8546435436158145,0.08009400259879687,0.8,0.10327955589886448,0.9135642135642137,0.08080859616409566,0.8156368631368632,0.12238990313368318
Negative,1.5,3.0,linear,0.8606801275679994,0.06835964446292371,0.7933333333333332,0.09165151389911683,0.8165201465201466,0.11807645007294335,0.9273737373737372,0.06456347261195546
Positive,1.5,3.25,linear,0.7554063562183767,0.12319577070552717,0.7066666666666668,0.12364824660660942,0.8567063492063491,0.14159567048545926,0.6938811188811189,0.15473527247495852
Negative,1.5,3.25,linear,0.8964643874643874,0.05785717843942632,0.8333333333333334,0.08027729719194865,0.8407975357975358,0.08817957911566485,0.9679487179487178,0.0522347404806753
Positive,1.75,1.0,linear,0.8512998791489841,0.10470330654571623,0.7866666666666667,0.11850925889754121,0.8749603174603173,0.1185729226335398,0.8388805638805639,0.12740549721086736
Negative,1.75,1.0,linear,0.8907594788464355,0.06597465586562676,0.8266666666666665,0.0997775303139718,0.8347369297369298,0.10116883112772812,0.9642424242424242,0.05766818737146801
Positive,1.75,1.25,linear,0.7848307751087399,0.12586552615458313,0.74,0.1348249894410446,0.8700757575757576,0.12915679237907413,0.7292210567210566,0.14976593028900842
Negative,1.75,1.25,linear,0.8771484409310496,0.07721588464391467,0.8133333333333332,0.11469767022723504,0.8231501831501833,0.10185492654917655,0.9456410256410257,0.07358393615966398
Positive,1.75,1.5,linear,0.7739958482063745,0.14076245692084652,0.7266666666666668,0.1348249894410446,0.847770562770563,0.09359036625761531,0.7472727272727273,0.20674218828062088
Negative,1.75,1.5,linear,0.8328026219902652,0.09263956143115026,0.7533333333333333,0.1194431524477928,0.7807226107226107,0.1168711220415496,0.9018531468531469,0.0929888580563662
Positive,1.75,1.75,linear,0.8146819851302285,0.06386126222514849,0.7466666666666666,0.08844332774281069,0.9007323232323232,0.08214506732300776,0.7592679542679542,0.11630932424039145
Negative,1.75,1.75,linear,0.8563538474408039,0.09146197328097307,0.7866666666666667,0.12927146286443547,0.8324042624042625,0.12778476973528582,0.8924725274725276,0.09373970802724937
Positive,1.75,2.0,linear,0.8415635898628226,0.07146007847076966,0.7866666666666667,0.08326663997864533,0.8962121212121211,0.09204155746831837,0.8155555555555557,0.13302627637080247
Negative,1.75,2.0,linear,0.8525921308964787,0.07596158148514681,0.7733333333333335,0.10413666234542208,0.7834615384615384,0.08464899709791888,0.9434848484848486,0.09902659853610471
Positive,1.75,2.25,linear,0.8184066226171488,0.08657391186265448,0.7733333333333333,0.10413666234542208,0.8966991341991342,0.06737094119135714,0.762062937062937,0.12892697031841457
Negative,1.75,2.25,linear,0.8991880679706765,0.07480385223239079,0.8466666666666667,0.09910712498212337,0.8725441225441225,0.11886906799566918,0.9405594405594406,0.039341491409888685
Positive,1.75,2.5,linear,0.8627491076175288,0.06532891751769494,0.8200000000000001,0.08969082698049143,0.8774494949494949,0.08416496951014481,0.8558333333333333,0.08680233327352667
Negative,1.75,2.5,linear,0.8690166622088821,0.052212435901580416,0.8066666666666666,0.07571877794400368,0.8192424242424241,0.08613508525006594,0.934040404040404,0.059821180320495604
Positive,1.75,2.75,linear,0.7956953301256707,0.09304088545532081,0.7333333333333332,0.10749676997731401,0.8765873015873014,0.09801073182326578,0.7331168831168832,0.1061871318804952
Negative,1.75,2.75,linear,0.8778932178932178,0.09958790421954654,0.8333333333333334,0.11254628677422757,0.8498945498945499,0.14615635495232093,0.9193278943278944,0.06024375010090962
Positive,1.75,3.0,linear,0.8254857821916646,0.07868736567878969,0.7666666666666666,0.09545214042184239,0.9298809523809524,0.058226619266724136,0.7485209235209236,0.11027957266408751
Negative,1.75,3.0,linear,0.8626540126540128,0.07924665406374312,0.8,0.09428090415820636,0.8177011877011877,0.09152978479421182,0.9193217893217893,0.09329640879617597
Positive,1.75,3.25,linear,0.7795413533834585,0.07528770311086365,0.7133333333333333,0.0991071249821234,0.899496336996337,0.07188208024866166,0.7015151515151514,0.1290972220678594
Negative,1.75,3.25,linear,0.8780347768173854,0.0498419072188211,0.8133333333333332,0.07774602526460403,0.8522644022644024,0.0992710255088848,0.9219696969696969,0.08886915816371431
Positive,2.0,1.0,linear,0.790785659801678,0.09575630739091968,0.7000000000000001,0.1341640786499874,0.7780769230769231,0.13777158079211108,0.8260606060606062,0.12478779048372815
Negative,2.0,1.0,linear,0.8204041329041329,0.09926319717260484,0.7466666666666667,0.11075498483890768,0.783528971028971,0.1520701076663033,0.8869555444555445,0.11657028953730866
Positive,2.0,1.25,linear,0.8439688900038208,0.0888297733103356,0.8066666666666666,0.08666666666666668,0.8442773892773893,0.11453043349567561,0.8531709956709956,0.09859944288177194
Negative,2.0,1.25,linear,0.8544065572109052,0.07196117363822048,0.7866666666666668,0.10241527663824813,0.8123731823731823,0.09021816485933419,0.9091608391608392,0.09314225927897793
Positive,2.0,1.5,linear,0.8737420859752264,0.04922827526587587,0.8200000000000001,0.06699917080747261,0.9081954156954157,0.08577489462911043,0.8526845376845378,0.08170189301067626
Negative,2.0,1.5,linear,0.880514454002945,0.0728190439046312,0.8266666666666665,0.08537498983243799,0.8401448551448552,0.1042501796496585,0.9325324675324674,0.06011707888344841
Positive,2.0,1.75,linear,0.8454747040399214,0.0781862716188258,0.8066666666666666,0.07571877794400367,0.924642857142857,0.10043845206424291,0.78246336996337,0.07776960130003485
Negative,2.0,1.75,linear,0.9101220229046317,0.04286242569196981,0.8533333333333333,0.07180219742846006,0.8849317349317349,0.06312008794850513,0.9421911421911423,0.06338858581652619
Positive,2.0,2.0,linear,0.8106426253485077,0.10678475494033327,0.78,0.1156623438193165,0.8992063492063492,0.1138992584184777,0.7534343434343435,0.1412852587294641
Negative,2.0,2.0,linear,0.850708694813958,0.053387972889316945,0.78,0.06699917080747264,0.8259124209124209,0.0817888991298182,0.8867676767676768,0.08302292970284304
Positive,2.0,2.25,linear,0.8215689924110976,0.07630654806589127,0.76,0.09521904571390469,0.9001911976911977,0.09850111400971324,0.7674175824175824,0.10629458037686523
Negative,2.0,2.25,linear,0.8465920488529184,0.07572886824811735,0.78,0.09451631252505219,0.8270035520035519,0.1126780699868561,0.8792063492063493,0.08984519594315545
Positive,2.0,2.5,linear,0.8115191834309481,0.11131510681677222,0.76,0.13727506854649335,0.9650000000000001,0.05385164807134504,0.7150721500721501,0.15441564256849116
Negative,2.0,2.5,linear,0.866878807183155,0.050799258219301084,0.8,0.0666666666666667,0.8167454767454767,0.07353367983542732,0.9330808080808082,0.07818705447972502
Positive,2.0,2.75,linear,0.796389005731111,0.12728552521560446,0.76,0.13399834161494523,0.8997222222222222,0.10202010513546755,0.7270002220002219,0.16843107440573543
Negative,2.0,2.75,linear,0.8627899475725563,0.07772763105926347,0.7933333333333333,0.10934146311237819,0.8258658008658009,0.10217900375838132,0.9070995670995672,0.06399256846248196
Positive,2.0,3.0,linear,0.8291054559475614,0.07242328412342433,0.78,0.08969082698049143,0.9219696969696969,0.08015996403885634,0.7632792207792207,0.10920264207357876
Negative,2.0,3.0,linear,0.8398715921759401,0.08273030308126816,0.76,0.0997775303139718,0.815927405927406,0.14557273755855885,0.888070263070263,0.0791534178342854
Positive,2.0,3.25,linear,0.8245328489207209,0.06504955843775699,0.7933333333333332,0.05537749241945387,0.9593181818181818,0.06490974343955172,0.735462037962038,0.1076546001843644
Negative,2.0,3.25,linear,0.8403547901373989,0.03402841636542772,0.7666666666666667,0.044721359549995836,0.827943722943723,0.08982169963908837,0.8694483294483295,0.08276512233145672
Positive,2.25,1.0,linear,0.754160863291298,0.09910235359280326,0.62,0.13349989596333858,0.6713419913419914,0.1726724516720166,0.9117210567210566,0.07400285290065663
Negative,2.25,1.0,linear,0.8973933747412008,0.07810568950678792,0.8466666666666667,0.10349449797506682,0.8786380286380288,0.11811067412701841,0.9280844155844156,0.06712157944341375
Positive,2.25,1.25,linear,0.8139772619955685,0.09203522786727274,0.7266666666666666,0.14126413400278062,0.8409249084249083,0.17485754035159742,0.8371289821289821,0.14367266810424384
Negative,2.25,1.25,linear,0.8605162857737229,0.04945712465899089,0.8,0.07302967433402217,0.8606818181818182,0.06061974277376766,0.8678030303030303,0.08734243980238705
Positive,2.25,1.5,linear,0.8268651604598569,0.0761937966963399,0.76,0.09521904571390469,0.8885930735930737,0.07024680458665147,0.7826515151515151,0.10783283942303891
Negative,2.25,1.5,linear,0.8234104156712855,0.09904464477200713,0.74,0.12454361128179603,0.7610656010656011,0.12932117541176502,0.9061111111111112,0.07932780870897607
Positive,2.25,1.75,linear,0.8800779617026755,0.057726672024817044,0.8266666666666668,0.07423685817106698,0.9553030303030303,0.04474830128976474,0.8244172494172494,0.0986481763155243
Negative,2.25,1.75,linear,0.8397716808848859,0.07376898530331305,0.7733333333333333,0.08000000000000003,0.8327339327339327,0.08018641933922017,0.8580375180375182,0.11229811046256752
Positive,2.25,2.0,linear,0.8371880739397902,0.07779888231947955,0.7799999999999999,0.10349449797506685,0.9229545454545454,0.09053588165897869,0.7818414918414919,0.1241101898789034
Negative,2.25,2.0,linear,0.9078389694041868,0.05488377040381413,0.86,0.07571877794400365,0.8835814185814186,0.07026759499613532,0.9364646464646466,0.056488403234917245
Positive,2.25,2.25,linear,0.7680747339362901,0.0907153351822842,0.6933333333333332,0.0997775303139718,0.9086111111111113,0.080358475395575,0.6748301698301699,0.11385173129221927
Negative,2.25,2.25,linear,0.8624146395176144,0.07778404737148226,0.8,0.10327955589886446,0.8383805083805085,0.0846047832877796,0.8977272727272727,0.11367726536628607
Positive,2.25,2.5,linear,0.7776199945341148,0.09537749682453131,0.74,0.10519822558706336,0.8857142857142858,0.12391364669290744,0.7126515151515151,0.12634131134087337
Negative,2.25,2.5,linear,0.8780790513833991,0.08122550471958095,0.8133333333333332,0.1185092588975412,0.8495726495726496,0.12356453932292018,0.9225330225330225,0.08285032893137566
Positive,2.25,2.75,linear,0.859059106416086,0.07677627741460924,0.8133333333333335,0.09333333333333335,0.9461868686868687,0.054426362929526705,0.793126873126873,0.10825916029776628
Negative,2.25,2.75,linear,0.9007466698310689,0.057098206754853775,0.8533333333333333,0.07180219742846006,0.860987345987346,0.09493104798757232,0.9539238539238539,0.06193144633620513
Positive,2.25,3.0,linear,0.8388133509003074,0.07556384809788494,0.7666666666666666,0.10000000000000003,0.9162626262626261,0.07109518301871402,0.7801770451770451,0.10590087179938654
Negative,2.25,3.0,linear,0.8665515991763133,0.061297453059403983,0.7999999999999999,0.07302967433402217,0.8221145521145521,0.09834410321161967,0.9246406371406373,0.057097670436529926
Positive,2.25,3.25,linear,0.8435456229506573,0.08410601101092981,0.7866666666666666,0.10241527663824812,0.9176082251082252,0.04459478718564936,0.7893939393939394,0.1258287494832185
Negative,2.25,3.25,linear,0.870641002526586,0.07369982005716559,0.8,0.10327955589886446,0.8276556776556777,0.1053415787177044,0.9258780108780108,0.07182202479247823
Positive,2.5,1.0,linear,0.827620100206307,0.06532238212369747,0.7133333333333333,0.09910712498212339,0.7442857142857143,0.12749194096623467,0.9614285714285714,0.08760998917978265
Negative,2.5,1.0,linear,0.8584948979232101,0.07809781771896605,0.7933333333333333,0.09165151389911684,0.8105389055389056,0.09738500468224569,0.9275,0.10580708335876615
Positive,2.5,1.25,linear,0.8521819629645716,0.073102891872096,0.7733333333333332,0.11234866364235147,0.8580880230880229,0.13595481618216998,0.877062937062937,0.11413960412252985
Negative,2.5,1.25,linear,0.8698018432114543,0.08210245695717469,0.8066666666666666,0.12454361128179606,0.8073976023976025,0.1281575518043044,0.9561965811965812,0.058135760087234145
Positive,2.5,1.5,linear,0.8091843995731465,0.06808660112060516,0.7266666666666667,0.07571877794400368,0.8787626262626264,0.08077575505581015,0.755917970917971,0.09144868573728608
Negative,2.5,1.5,linear,0.8910039644924556,0.07915304134018773,0.8400000000000002,0.09977753031397178,0.8580519480519481,0.11758283423290317,0.9340825840825839,0.046429024472806585
Positive,2.5,1.75,linear,0.8123048926664487,0.09536357468679178,0.74,0.10519822558706335,0.8849567099567099,0.11805871242349437,0.7687423687423688,0.1311989959045546
Negative,2.5,1.75,linear,0.879457948348503,0.06418100451829867,0.8133333333333332,0.08844332774281069,0.8044005994005994,0.10421156865072824,0.9816666666666667,0.03685557397915997
Positive,2.5,2.0,linear,0.8211789986086663,0.062382894430600945,0.7866666666666666,0.04988876515698592,0.9193181818181818,0.0854947169291389,0.7574358974358972,0.11454369894085768
Negative,2.5,2.0,linear,0.8907521367521369,0.07676211839991998,0.8266666666666665,0.10413666234542207,0.8495054945054946,0.12138906340194498,0.951165501165501,0.05281199461410979
Positive,2.5,2.25,linear,0.8467340208810796,0.09353543589849857,0.8066666666666666,0.09637888196533975,0.922564935064935,0.10951729924784523,0.7941452991452992,0.1250889157059619
Negative,2.5,2.25,linear,0.8796322544557839,0.06400053829765791,0.8200000000000001,0.08459051693633016,0.834010989010989,0.09893962246602334,0.9385042735042735,0.0557539029923674
Positive,2.5,2.5,linear,0.8422350982350982,0.10357711249426585,0.8133333333333332,0.10666666666666669,0.9442918192918193,0.08706659652425552,0.7819458319458319,0.1603677949009902
Negative,2.5,2.5,linear,0.8754914273792995,0.07047579440067073,0.82,0.09451631252505219,0.8103729603729602,0.11133962542697225,0.9637662337662338,0.06343315022242842
Positive,2.5,2.75,linear,0.8204731341257119,0.07998053173741507,0.7733333333333333,0.09043106644167026,0.9054365079365081,0.06836232861964862,0.7563908313908314,0.10666810209632611
Negative,2.5,2.75,linear,0.889894755629704,0.16138984124097353,0.8666666666666668,0.14907119849998596,0.8579487179487181,0.18455465525368192,0.9314646464646466,0.11856797182399155
Positive,2.5,3.0,linear,0.8518792148459667,0.07802186595979897,0.8133333333333332,0.08844332774281069,0.9260317460317461,0.08925999629607606,0.7951515151515152,0.0934439525498355
Negative,2.5,3.0,linear,0.8729015766841854,0.05554272476128455,0.7933333333333333,0.0866666666666667,0.8360972360972362,0.1012650180022079,0.9254811854811855,0.06895474939152901
Positive,2.5,3.25,linear,0.820690603514133,0.10783148120730039,0.7799999999999999,0.10349449797506685,0.8928030303030303,0.08267734229698562,0.7732473082473083,0.14806341433321207
Negative,2.5,3.25,linear,0.8817735308170092,0.06277083746554687,0.8133333333333335,0.09333333333333335,0.8239926739926741,0.0936368633309317,0.9546814296814297,0.04604180783021712
Positive,2.75,1.0,linear,0.8024146766023195,0.07637204968484497,0.6866666666666666,0.08969082698049143,0.736904761904762,0.10543748618050174,0.9112665112665113,0.14203514695731395
Negative,2.75,1.0,linear,0.9026615535494255,0.0695897974943113,0.8533333333333333,0.10241527663824812,0.8593772893772893,0.12071433434313658,0.9630147630147631,0.04594854388003236
Positive,2.75,1.25,linear,0.8274914779262605,0.10903662671768541,0.7466666666666667,0.15434449203720302,0.8538095238095238,0.1937814417469663,0.8381562881562882,0.10463032969727677
Negative,2.75,1.25,linear,0.8984236343366778,0.05587262653154703,0.8399999999999999,0.08537498983243798,0.851989676989677,0.07748049468446065,0.9551515151515153,0.058474641910459556
Positive,2.75,1.5,linear,0.8844903568759405,0.07731945223251359,0.8466666666666667,0.09451631252505217,0.9308621933621934,0.07976948529884634,0.8537626262626261,0.11415909233351497
Negative,2.75,1.5,linear,0.9234396135265701,0.047629045455956955,0.8800000000000001,0.07180219742846006,0.8818181818181818,0.07731212693149414,0.9741258741258741,0.03968801013611947
Positive,2.75,1.75,linear,0.7647080044138868,0.08735984414517874,0.7133333333333333,0.09910712498212339,0.9311507936507937,0.07011608315613456,0.6604953379953381,0.12656788991934448
Negative,2.75,1.75,linear,0.8631714179540267,0.07171339451723838,0.7933333333333333,0.09637888196533975,0.8426484626484626,0.08519163193131497,0.8947863247863248,0.09912647183454636
Positive,2.75,2.0,linear,0.8724746847355543,0.10112054197627225,0.8266666666666668,0.12364824660660942,0.927878787878788,0.08756264974778911,0.832007437007437,0.13077216488659327
Negative,2.75,2.0,linear,0.9517112682974753,0.040062538462128296,0.9200000000000002,0.06531972647421808,0.9547619047619047,0.058988065205893093,0.9520879120879121,0.05258261853051042
Positive,2.75,2.25,linear,0.8289453172573378,0.06606379434096839,0.7933333333333333,0.06289320754704406,0.9458333333333332,0.0875,0.7526023976023976,0.1106593646716172
Negative,2.75,2.25,linear,0.939128364389234,0.04894795314532096,0.9066666666666668,0.07423685817106694,0.9303896103896104,0.0788586214919919,0.9543939393939395,0.06121080856678375
Positive,2.75,2.5,linear,0.868511633294242,0.07224274505870572,0.8333333333333334,0.08563488385776753,0.9475324675324673,0.07029130049502932,0.8082459207459207,0.09918514639480726
Negative,2.75,2.5,linear,0.8863766123697474,0.048338274967816196,0.8333333333333334,0.06146362971528592,0.8322344322344323,0.087171963184184,0.9558719058719058,0.045189510174421216
Positive,2.75,2.75,linear,0.8091681699793154,0.08856360576752645,0.7533333333333333,0.10770329614269011,0.9326251526251527,0.0732703655773818,0.720989010989011,0.11475035511889163
Negative,2.75,2.75,linear,0.8767908859423104,0.04112218765869799,0.8066666666666666,0.055377492419453854,0.8075141525141525,0.06523787165529517,0.9656410256410257,0.05647082994881941
Positive,2.75,3.0,linear,0.8129984381242963,0.11815481304754186,0.7599999999999999,0.1339983416149452,0.8853535353535353,0.08828219263345115,0.7611383061383061,0.1512185550078036
Negative,2.75,3.0,linear,0.8768935106761194,0.08304954820063529,0.8133333333333332,0.1185092588975412,0.8417998667998668,0.13100039072563183,0.9266955266955266,0.05591881947522781
Positive,2.75,3.25,linear,0.8103998662081849,0.07889643352657165,0.7533333333333333,0.1077032961426901,0.8955122655122656,0.06752143252610697,0.7582323232323231,0.1386225269538965
Negative,2.75,3.25,linear,0.8475150019063065,0.06807739331491952,0.76,0.09521904571390469,0.7794322344322344,0.0970786522143166,0.9368253968253969,0.05392411827392319
Positive,3.0,1.0,linear,0.7737959866220735,0.04558763063326938,0.6333333333333333,0.061463629715285906,0.6656776556776557,0.06631656451186202,0.9351515151515153,0.06984437639925313
Negative,3.0,1.0,linear,0.8240101010101009,0.0554790667206972,0.7266666666666666,0.0813770374382247,0.7699400599400599,0.09241494938208915,0.9043317793317793,0.09714713231002661
Positive,3.0,1.25,linear,0.8439653437153772,0.06814971236385015,0.7733333333333334,0.0997775303139718,0.8453296703296704,0.13353648031062457,0.8790404040404042,0.13153366291233123
Negative,3.0,1.25,linear,0.9165201288244766,0.06360661833538989,0.8666666666666668,0.09888264649460884,0.8794688644688644,0.10132997859195411,0.9650000000000001,0.043108390521258554
Positive,3.0,1.5,linear,0.8005561251613884,0.11862084182407509,0.7666666666666666,0.11254628677422757,0.9616258741258742,0.06314608114281554,0.7125380175380176,0.17732593069826866
Negative,3.0,1.5,linear,0.8811996345039823,0.058353896126509035,0.8133333333333332,0.08326663997864533,0.8485564435564437,0.08768754372910777,0.9215068265068267,0.04950934682439891
Positive,3.0,1.75,linear,0.8120135036886955,0.10900074685657588,0.7533333333333333,0.1194431524477928,0.9277597402597403,0.08646138033885135,0.7468342768342768,0.16838787168884198
Negative,3.0,1.75,linear,0.901099271099271,0.050216506763336104,0.8400000000000002,0.08000000000000002,0.85009657009657,0.08242148273464836,0.9651515151515151,0.04274768478686633
Positive,3.0,2.0,linear,0.8329481792717086,0.048210278135034014,0.7866666666666666,0.0653197264742181,0.92979797979798,0.08067025809913746,0.7654836829836831,0.09643795721204587
Negative,3.0,2.0,linear,0.887568243350852,0.04411326305282534,0.8266666666666668,0.06110100926607789,0.832990342990343,0.06800040318223079,0.9562820512820511,0.05612530008529749
Positive,3.0,2.25,linear,0.8335449521238996,0.07577000098476093,0.78,0.09451631252505219,0.901474358974359,0.08000386078509952,0.7824952824952824,0.10134129082758264
Negative,3.0,2.25,linear,0.8808492377188031,0.07550580534840326,0.82,0.09910712498212339,0.8412870462870463,0.11426031995856699,0.9358333333333333,0.06852108353557237
Positive,3.0,2.5,linear,0.888710214270855,0.0830830726308665,0.8400000000000001,0.12364824660660939,0.9486868686868688,0.05159985114612459,0.8458241758241758,0.13080959453396004
Negative,3.0,2.5,linear,0.8917390580434059,0.06305600169378897,0.8266666666666668,0.0997775303139718,0.8436863136863136,0.10167924283983734,0.9550349650349652,0.06084482732232232
Positive,3.0,2.75,linear,0.8367205499814195,0.07794373910780444,0.7933333333333333,0.1008849730028104,0.9263578088578088,0.07816914767267161,0.7704995004995006,0.10289436686964198
Negative,3.0,2.75,linear,0.904041218041218,0.04251463872611399,0.8533333333333333,0.06531972647421809,0.8587662337662337,0.08465400673910937,0.9631410256410258,0.04673885829184022
Positive,3.0,3.0,linear,0.8535666298972261,0.08211210077198951,0.8066666666666666,0.09637888196533975,0.9275,0.06562202374203344,0.802074592074592,0.12419590263336364
Negative,3.0,3.0,linear,0.8736746956746959,0.0644038423914011,0.8066666666666669,0.09165151389911681,0.8233183483183483,0.08367190875108713,0.9355905205905206,0.059197792941704325
Positive,3.0,3.25,linear,0.8125066746119376,0.0919737901096478,0.7999999999999999,0.05163977794943226,0.896940836940837,0.0982033844855879,0.7473376623376623,0.10332940006696392
Negative,3.0,3.25,linear,0.9405209549328545,0.04549199129665163,0.9066666666666666,0.06798692684790378,0.940897435897436,0.07154363091331298,0.947056277056277,0.06950931959648497
Positive,3.25,1.0,linear,0.810418060200669,0.04446871905780897,0.6866666666666668,0.0669991708074726,0.726996336996337,0.11488548943748757,0.9424475524475524,0.07878115100721872
Negative,3.25,1.0,linear,0.9032625321961707,0.041173843858159,0.8466666666666667,0.060000000000000005,0.8667515817515816,0.07458756648242125,0.9517149517149516,0.06441929957581163
Positive,3.25,1.25,linear,0.8158320207633709,0.062300109222730014,0.7333333333333334,0.10327955589886448,0.8467676767676767,0.15482318083789257,0.8322144522144523,0.13528173606860436
Negative,3.25,1.25,linear,0.8466087947140577,0.04599715023378824,0.7733333333333332,0.053333333333333365,0.796936396936397,0.07594471037756546,0.9096947496947498,0.05784018105424327
Positive,3.25,1.5,linear,0.8706389054477626,0.07526879915149695,0.8266666666666668,0.09043106644167026,0.9288455988455988,0.049272412098499516,0.8270745920745922,0.11633394930258326
Negative,3.25,1.5,linear,0.8638788892267153,0.07668663537685431,0.7933333333333332,0.10519822558706336,0.8175074925074923,0.11252560841426523,0.9261363636363636,0.0561130487714243
Positive,3.25,1.75,linear,0.8372865631100925,0.08050254635502745,0.7866666666666667,0.09797958971132714,0.97,0.04582575694955839,0.748023643023643,0.1275304509876987
Negative,3.25,1.75,linear,0.8962969446012925,0.05213495234879877,0.8400000000000001,0.08,0.8852380952380952,0.08394874799691436,0.9150832500832502,0.06755697032315716
Positive,3.25,2.0,linear,0.845118114980546,0.04947998298558458,0.7999999999999999,0.059628479399994404,0.9541233766233767,0.05766366303905608,0.7675380175380175,0.09714310918720838
Negative,3.25,2.0,linear,0.8761005008063831,0.0766893971776394,0.8200000000000001,0.08969082698049141,0.8385897435897436,0.1064047727966126,0.9266117216117216,0.0779945458146305
Positive,3.25,2.25,linear,0.8547657021341231,0.06154177331005446,0.7933333333333333,0.0866666666666667,0.9602272727272727,0.06413159572510209,0.7783633033633034,0.09736766858373942
Negative,3.25,2.25,linear,0.9045244980462371,0.047648841290429525,0.8466666666666667,0.07333333333333335,0.8489676989676989,0.08447921144700155,0.9766233766233766,0.04817464153504263
Positive,3.25,2.5,linear,0.8583493336728631,0.07005170779887473,0.8266666666666668,0.06798692684790383,0.9875,0.0375,0.7660478410478411,0.1031292602417162
Negative,3.25,2.5,linear,0.9026156548765245,0.03591260342526673,0.8466666666666669,0.052068331172711035,0.9032600732600734,0.09386266593461909,0.9135347985347986,0.06285966432351411
Positive,3.25,2.75,linear,0.8622303866994944,0.08645582178220784,0.8200000000000001,0.1077032961426901,0.9638888888888889,0.058333333333333334,0.7910306360306361,0.1282745598779438
Negative,3.25,2.75,linear,0.9073451432791764,0.05114551201856244,0.8533333333333333,0.07774602526460402,0.8709756909756908,0.10510649742533594,0.9591258741258741,0.04138602736709378
Positive,3.25,3.0,linear,0.906046772068511,0.05698326970709144,0.8733333333333334,0.06960204339273701,0.9700757575757575,0.046775318713733534,0.8587171162171161,0.10300564904548859
Negative,3.25,3.0,linear,0.8694799235851868,0.03685119053710766,0.8,0.05163977794943226,0.8240442890442891,0.0731525489385401,0.9314685314685315,0.07549857105603232
Positive,3.25,3.25,linear,0.840312570918709,0.11042047826322873,0.7933333333333333,0.12092238098144704,0.9791666666666666,0.04269562819149833,0.7502136752136753,0.15596644728451906
Negative,3.25,3.25,linear,0.8884889892715983,0.03879137881935245,0.8266666666666668,0.06110100926607789,0.8370695970695972,0.07540549944419775,0.9560606060606063,0.059920363434197536
Positive,3.5,1.0,linear,0.7786840985101853,0.0852578698997823,0.6466666666666667,0.11175369742826806,0.6824175824175824,0.13774540077742667,0.9361471861471861,0.08668298959390104
Negative,3.5,1.0,linear,0.8718183040791736,0.1007937786888552,0.8066666666666666,0.128062484748657,0.806963036963037,0.13553107064923695,0.9574603174603175,0.05455239425378929
Positive,3.5,1.25,linear,0.8491684283171697,0.1057379881638949,0.7933333333333333,0.1443760521847181,0.876037296037296,0.15237563003967414,0.835050505050505,0.06837615402269129
Negative,3.5,1.25,linear,0.8885215565657079,0.06758173796004954,0.8400000000000001,0.08537498983243799,0.841928071928072,0.09824186942240444,0.948974358974359,0.07183967873276313
Positive,3.5,1.5,linear,0.8449229755751496,0.08966379638294353,0.7933333333333332,0.09637888196533975,0.9016258741258742,0.11781188351272749,0.8026057276057277,0.09571926774426297
Negative,3.5,1.5,linear,0.8745801879280142,0.047019575219564,0.8066666666666666,0.06960204339273703,0.8265134865134864,0.08842618253013129,0.9390287490287491,0.063853336231382
Positive,3.5,1.75,linear,0.7921868945206543,0.076455487861421,0.74,0.0813770374382247,0.9017063492063493,0.09891036003497014,0.720846930846931,0.119189579302531
Negative,3.5,1.75,linear,0.9167623230231925,0.03469949333377994,0.8666666666666666,0.05163977794943222,0.8831668331668332,0.06153694112449009,0.957099567099567,0.0434176474313007
Positive,3.5,2.0,linear,0.8499068390965012,0.07208057706131725,0.8200000000000001,0.06699917080747261,0.9225757575757576,0.07400672060305696,0.8031313131313131,0.12880531670418016
Negative,3.5,2.0,linear,0.8731692357985266,0.0697436898065337,0.7999999999999999,0.10749676997731403,0.8230586080586081,0.106161545071024,0.9392968142968143,0.06714536913881188
Positive,3.5,2.25,linear,0.8227067015110492,0.07829408515055311,0.7666666666666667,0.08563488385776756,0.9407142857142858,0.0632316584503798,0.7491541791541791,0.13771818822616486
Negative,3.5,2.25,linear,0.8971590004198701,0.07706752976758541,0.8400000000000001,0.11234866364235147,0.8523260073260074,0.11313971334122866,0.9537723387723389,0.04701252961097388
Positive,3.5,2.5,linear,0.8327041239372642,0.08064435111352622,0.78,0.1077032961426901,0.915363247863248,0.06631925490746071,0.7703360528360529,0.11389579907276047
Negative,3.5,2.5,linear,0.9172269694878391,0.056389039010247,0.8733333333333333,0.08666666666666668,0.8577505827505828,0.0931183203107214,0.9923076923076923,0.02307692307692306
Positive,3.5,2.75,linear,0.8325177746230377,0.07024939071356454,0.7933333333333333,0.06960204339273704,0.9650000000000001,0.07762087348130012,0.7402489177489178,0.09778209440182525
Negative,3.5,2.75,linear,0.9141376707028881,0.05289696165210308,0.8666666666666666,0.07888106377466156,0.9121961371961372,0.09758871512698455,0.9285464535464536,0.07442386144693375
Positive,3.5,3.0,linear,0.8197136319058516,0.07374821657655747,0.7466666666666667,0.10241527663824812,0.8524087024087026,0.051516490447054135,0.7975641025641026,0.117205644278015
Negative,3.5,3.0,linear,0.8772452774611695,0.06831895009235864,0.8066666666666669,0.1008849730028104,0.8559623709623709,0.09674105759160437,0.9054739704739705,0.05951139303714277
Positive,3.5,3.25,linear,0.8787862475688563,0.08975364248040861,0.8400000000000001,0.11623730516108463,0.9142088467088467,0.06782055887240843,0.8508191808191808,0.12154217509509191
Negative,3.5,3.25,linear,0.8953381401207489,0.07012740396870175,0.8466666666666667,0.10349449797506682,0.8441958041958042,0.1041295659882273,0.9597979797979799,0.049445037707566405
Positive,3.75,1.0,linear,0.8388663177568725,0.07561235607216313,0.7333333333333332,0.11547005383792518,0.770865800865801,0.12714604084468906,0.9416233766233766,0.0819111253168104
Negative,3.75,1.0,linear,0.9039987838248708,0.06560995343075246,0.8533333333333335,0.09333333333333334,0.8544871794871796,0.11873476078216676,0.976923076923077,0.06923076923076922
Positive,3.75,1.25,linear,0.8361308112177678,0.08051483731595746,0.78,0.09451631252505219,0.9257142857142858,0.10011218197398275,0.7716433566433567,0.10129455114777622
Negative,3.75,1.25,linear,0.9024424710721564,0.040029506504244035,0.8400000000000001,0.0679869268479038,0.8585958485958487,0.07569118831473481,0.9585042735042734,0.054940198198047706
Positive,3.75,1.5,linear,0.8286248196248197,0.10555389831999352,0.76,0.1236482466066094,0.9263120213120212,0.0690240621211818,0.7701964701964702,0.1660919204178351
Negative,3.75,1.5,linear,0.8719630852239548,0.06473542922234034,0.8133333333333332,0.08326663997864533,0.8247224997224997,0.08137753437036663,0.9317016317016318,0.07894377603866765
Positive,3.75,1.75,linear,0.8308908143799785,0.08814653838603645,0.7933333333333333,0.0866666666666667,0.9336868686868689,0.07641667830781204,0.7684188034188034,0.14826823767963304
Negative,3.75,1.75,linear,0.9279566214783607,0.04188880930284493,0.8800000000000001,0.07180219742846006,0.8886380286380285,0.06736752379121476,0.9748834498834498,0.03849370873286137
Positive,3.75,2.0,linear,0.8377177636604882,0.09562118248215706,0.8,0.11547005383792518,0.9196789321789323,0.07338730189217463,0.780491452991453,0.13421804233306367
Negative,3.75,2.0,linear,0.8483213237309346,0.05594115515273366,0.7733333333333333,0.08537498983243802,0.797930402930403,0.10475159565301541,0.9177344877344877,0.05784947432312685
Positive,3.75,2.25,linear,0.7702644622095423,0.10352710615791648,0.7133333333333333,0.1077032961426901,0.9334920634920636,0.07132072987887907,0.6700000000000002,0.13933760389938676
Negative,3.75,2.25,linear,0.8974828161075299,0.07060189653135633,0.8466666666666669,0.09451631252505217,0.8762087912087912,0.10052887991239291,0.9250288600288601,0.06325809944519606
Positive,3.75,2.5,linear,0.8588554561380647,0.07180640905215913,0.8133333333333335,0.07180219742846009,0.9298340548340548,0.07009542894154389,0.8184482184482185,0.1356664199655781
Negative,3.75,2.5,linear,0.869222368613673,0.06477151367590069,0.7933333333333333,0.10088497300281041,0.8058108558108558,0.10431960405969339,0.9551515151515151,0.058474641910459556
Positive,3.75,2.75,linear,0.7738718453888732,0.10063360306375516,0.72,0.09333333333333335,0.9219011544011544,0.06927819805768017,0.6751154401154401,0.1307330178234972
Negative,3.75,2.75,linear,0.8857250290938445,0.05702494909747593,0.8200000000000001,0.08459051693633017,0.8131968031968032,0.0894680169980593,0.9797979797979798,0.040655781409087106
Positive,3.75,3.0,linear,0.8484767139178905,0.08820220591870248,0.7866666666666667,0.12927146286443547,0.9566666666666667,0.05315943872846973,0.767857142857143,0.12244496861229665
Negative,3.75,3.0,linear,0.868870458975722,0.07242153858565686,0.8,0.10327955589886446,0.7885697635697636,0.12254667912072417,0.9846153846153847,0.046153846153846156
Positive,3.75,3.25,linear,0.8186554621848741,0.06046080116820291,0.7733333333333333,0.06798692684790383,0.9264285714285714,0.08317979052041673,0.7521711621711622,0.12846839354328626
Negative,3.75,3.25,linear,0.8392056311346929,0.09192847830381362,0.76,0.12719189352225943,0.7762004662004662,0.14065590245194975,0.938119658119658,0.08557190516355342
Positive,4.0,1.0,linear,0.794088354174561,0.08544779771303304,0.6866666666666666,0.09910712498212337,0.7536507936507937,0.13596940654518921,0.9030303030303031,0.17968444945907389
Negative,4.0,1.0,linear,0.8680864652588791,0.08175779267111227,0.7933333333333334,0.11333333333333336,0.8083383283383284,0.1146260568860972,0.9443181818181818,0.047474378087967645
Positive,4.0,1.25,linear,0.8635832081948653,0.05473398599716753,0.8066666666666666,0.07571877794400368,0.9236868686868688,0.054259656236174875,0.8177466977466977,0.09031088721611942
Negative,4.0,1.25,linear,0.8808381891860154,0.06504410444058788,0.8133333333333332,0.09333333333333335,0.8144322344322346,0.10841515647660228,0.9741258741258741,0.056815761110348514
Positive,4.0,1.5,linear,0.8510533404217615,0.06489661613435407,0.7933333333333334,0.0813770374382247,0.8999689199689203,0.0763483367387582,0.8107398157398158,0.07576789515588615
Negative,4.0,1.5,linear,0.8892185295846623,0.06902357716989635,0.8333333333333334,0.10000000000000003,0.8391058941058942,0.09755599206033877,0.9546153846153846,0.07284984963413428
Positive,4.0,1.75,linear,0.8234304198067827,0.06012795598879746,0.7599999999999999,0.06798692684790383,0.9325757575757576,0.0789564533031495,0.7411888111888112,0.06964844612845894
Negative,4.0,1.75,linear,0.877038332038332,0.06638537198833823,0.8066666666666669,0.1008849730028104,0.8212620712620712,0.08749517212632439,0.9490287490287491,0.07334920258575181
Positive,4.0,2.0,linear,0.8188115763179702,0.10525603635587641,0.7666666666666667,0.12382783747337808,0.9609090909090909,0.06556178084401014,0.7244549894549894,0.14553280764436602
Negative,4.0,2.0,linear,0.8717479261140589,0.06308889625408043,0.8200000000000001,0.07333333333333336,0.8202564102564104,0.10921812855713417,0.9484415584415584,0.08843392991109802
Positive,4.0,2.25,linear,0.8014974691631039,0.10758134740176031,0.7533333333333333,0.11175369742826809,0.9652777777777779,0.053160164469457344,0.7011199911199912,0.15027479659678397
Negative,4.0,2.25,linear,0.8646331205026858,0.08524909978676559,0.8,0.10327955589886446,0.7884282384282385,0.12230361616120186,0.968931068931069,0.04993696132212812
Positive,4.0,2.5,linear,0.8315588032314375,0.0880014402519779,0.7933333333333333,0.1008849730028104,0.9608333333333332,0.06169481339626532,0.7465734265734266,0.133475442631309
Negative,4.0,2.5,linear,0.9031274619100707,0.05630799254888948,0.8400000000000001,0.09043106644167025,0.8402564102564103,0.08951971028306081,0.9833333333333334,0.04999999999999999
Positive,4.0,2.75,linear,0.8530926725866825,0.04952728491396568,0.7866666666666665,0.07180219742846009,0.9672979797979799,0.05053802585116446,0.7645709845709845,0.05717722424123327
Negative,4.0,2.75,linear,0.8701694344303039,0.0708368546032755,0.8,0.10327955589886448,0.8088461538461539,0.1197911704844035,0.956080031080031,0.05650981208662047
Positive,4.0,3.0,linear,0.8154336822448279,0.11312464422085323,0.7666666666666667,0.14063348739819326,0.9888888888888889,0.03333333333333335,0.712051282051282,0.17458924406629955
Negative,4.0,3.0,linear,0.9064751552795032,0.070326487411243,0.8733333333333334,0.08137703743822469,0.8644494394494394,0.10113705692783415,0.9582900432900432,0.05312237347126285
Positive,4.0,3.25,linear,0.8842402906018467,0.061715308996427555,0.8400000000000001,0.08000000000000002,0.9597979797979799,0.06666942143068787,0.8279365079365079,0.09604735541511458
Negative,4.0,3.25,linear,0.915227424749164,0.050533113242505236,0.8666666666666668,0.07302967433402217,0.8744871794871795,0.06284784857897618,0.9639743589743588,0.06315309659444622
Positive,4.25,1.0,linear,0.8069397993311036,0.06008844286723055,0.6866666666666666,0.08969082698049141,0.7228138528138528,0.14034683443133397,0.951923076923077,0.08053741662519409
Negative,4.25,1.0,linear,0.8853368225976922,0.05666498588334103,0.82,0.08969082698049143,0.8426107226107226,0.08177410120547132,0.9377272727272727,0.05777259018175089
Positive,4.25,1.25,linear,0.8214502164502164,0.04968258421313352,0.76,0.0611010092660779,0.9057395382395382,0.0810211072770768,0.7567316017316018,0.06201066003506413
Negative,4.25,1.25,linear,0.8636835138757334,0.05690270650091728,0.7933333333333333,0.0813770374382247,0.8146886446886448,0.08742592220252643,0.927898212898213,0.06503414451418348
Positive,4.25,1.5,linear,0.8741534404483657,0.06536463807530138,0.8266666666666668,0.08537498983243799,0.9317424242424241,0.0460297569141901,0.8305594405594405,0.10752071112833324
Negative,4.25,1.5,linear,0.8801136399832054,0.0596737320829937,0.8200000000000001,0.08459051693633016,0.8106643356643357,0.09499331396172572,0.9718181818181819,0.043112384368652286
Positive,4.25,1.75,linear,0.8473130553656869,0.07109022111535589,0.7866666666666665,0.09333333333333335,0.9323737373737375,0.07524284732019189,0.7848368298368299,0.10237903744866358
Negative,4.25,1.75,linear,0.8857453995280083,0.04442411468638151,0.82,0.06699917080747263,0.8354811854811854,0.07150410471405727,0.9488578088578088,0.05446719526817637
Positive,4.25,2.0,linear,0.8708069726746531,0.09711161171672979,0.8266666666666668,0.11623730516108464,0.9575757575757576,0.07727272727272727,0.8072455322455323,0.13253064628645886
Negative,4.25,2.0,linear,0.8926863844689933,0.04832013859968016,0.8266666666666668,0.07423685817106698,0.8415750915750915,0.08978843164665953,0.9587662337662337,0.04146999177883741
Positive,4.25,2.25,linear,0.8491608566871724,0.10313318289110941,0.7933333333333333,0.1348249894410446,0.9326515151515151,0.07563964305487722,0.79506993006993,0.15629214228935048
Negative,4.25,2.25,linear,0.9060424614707738,0.060859258989347964,0.8533333333333335,0.07180219742846007,0.8659190809190809,0.08296702743707543,0.9540501165501165,0.047520094246056716
Positive,4.25,2.5,linear,0.8312521587235546,0.06077135331099855,0.7866666666666667,0.0653197264742181,0.951388888888889,0.08175590362645242,0.7446969696969697,0.08170657370938905
Negative,4.25,2.5,linear,0.8985365747905794,0.07476971613407148,0.8533333333333335,0.09797958971132713,0.8677389277389278,0.11872392138930901,0.9432925407925408,0.0627591396927738
Positive,4.25,2.75,linear,0.8277494849267631,0.0812076088296335,0.78,0.09451631252505219,0.9563888888888888,0.05380649485785976,0.7440792540792541,0.14030348147653907
Negative,4.25,2.75,linear,0.8743011861432916,0.06364115414339716,0.8133333333333331,0.07774602526460403,0.8397835497835497,0.06942424660828964,0.9136868686868688,0.06918802982506714
Positive,4.25,3.0,linear,0.8464978958090414,0.092741093340236,0.8133333333333332,0.09797958971132714,0.9254365079365081,0.0636863223686257,0.7866919191919192,0.1262015028819397
Negative,4.25,3.0,linear,0.8649617918313572,0.05291002758298677,0.7933333333333332,0.07571877794400368,0.7851648351648352,0.0924384212958817,0.9723076923076924,0.04271828731358405
Positive,4.25,3.25,linear,0.8497084683823047,0.1042321704585212,0.8133333333333335,0.10666666666666669,0.9563888888888888,0.05380649485785976,0.7793317793317793,0.14866188671969868
Negative,4.25,3.25,linear,0.9108730979165763,0.045864047519655726,0.86,0.06960204339273701,0.8603479853479854,0.08733234705765201,0.976923076923077,0.04925480182640653
Positive,4.5,1.0,linear,0.7877843412626021,0.07938794856228161,0.6599999999999999,0.10934146311237818,0.7134432234432234,0.1411970843149185,0.9288095238095238,0.13414062577382438
Negative,4.5,1.0,linear,0.8321529967616925,0.06847594807732611,0.7533333333333333,0.08459051693633016,0.746060606060606,0.08510563825123739,0.9475000000000001,0.06932712311931022
Positive,4.5,1.25,linear,0.8312452893322458,0.09140640946895862,0.7533333333333333,0.12310790208412928,0.8582034632034633,0.11415870262547427,0.8196081696081695,0.1119797921330771
Negative,4.5,1.25,linear,0.9133733609385783,0.03269076425377176,0.8666666666666668,0.05163977794943222,0.8714568764568765,0.054822688415860715,0.9650000000000001,0.056984403324262516
Positive,4.5,1.5,linear,0.8591550132014529,0.06131392316203342,0.8066666666666666,0.07571877794400367,0.975,0.075,0.773013098013098,0.07553078799433241
Negative,4.5,1.5,linear,0.8956240024066112,0.06292445982480475,0.8466666666666667,0.08459051693633014,0.8949317349317351,0.08282580502835754,0.9031410256410257,0.07919946377633441
Positive,4.5,1.75,linear,0.8955483405483406,0.06070267371523461,0.8533333333333333,0.07774602526460402,0.9708333333333334,0.045833333333333344,0.8367249417249418,0.0961898138563437
Negative,4.5,1.75,linear,0.9208632478632479,0.058805635641974247,0.8733333333333333,0.08666666666666667,0.8902014652014651,0.09110175288009603,0.9607142857142857,0.05080140069845685
Positive,4.5,2.0,linear,0.7778887194676668,0.1567183420131443,0.7333333333333334,0.11155467020454342,0.8936796536796535,0.10757313575245402,0.7098484848484848,0.1927892624720524
Negative,4.5,2.0,linear,0.926525373676798,0.04462353174699124,0.8866666666666667,0.06699917080747259,0.8870629370629372,0.08040006857651359,0.9751515151515152,0.03846933593347479
Positive,4.5,2.25,linear,0.8421736078392424,0.0644696321300996,0.8066666666666666,0.07571877794400367,0.9506410256410256,0.06370388845540945,0.7655067155067157,0.10497879219992773
Negative,4.5,2.25,linear,0.8989223674875848,0.057931567479108895,0.8466666666666669,0.07916228058025279,0.8481851481851482,0.09868190548113266,0.9644133644133644,0.04447513353001908
Positive,4.5,2.5,linear,0.8445748789132825,0.07595723538042076,0.7866666666666666,0.10666666666666669,0.9800000000000001,0.039999999999999994,0.7495121545121546,0.11514516698916169
Negative,4.5,2.5,linear,0.8914690630918832,0.04262337839797119,0.8400000000000001,0.05333333333333332,0.8421645021645021,0.07055625019671045,0.9540404040404041,0.05960665885810501
Positive,4.5,2.75,linear,0.8580291805231905,0.04301114209417774,0.8066666666666666,0.05537749241945385,0.9173737373737373,0.04335672533850267,0.8067113442113442,0.04895150162128362
Negative,4.5,2.75,linear,0.8818779047039917,0.06563088479901877,0.82,0.09451631252505219,0.8317748917748918,0.08794715102641137,0.9434848484848486,0.06444668071861717
Positive,4.5,3.0,linear,0.8357675285633288,0.0758280943119801,0.7933333333333332,0.08666666666666668,0.9347979797979796,0.0702474963525509,0.7677272727272727,0.11362322033980429
Negative,4.5,3.0,linear,0.9149052396878483,0.03889120543756452,0.8600000000000001,0.06289320754704401,0.879029304029304,0.07557075956561715,0.9596153846153846,0.04044561937012143
Positive,4.5,3.25,linear,0.7951975441139527,0.10666354297255856,0.76,0.09043106644167026,0.9212265512265512,0.07026656817878878,0.7236713286713288,0.1594793915449813
Negative,4.5,3.25,linear,0.8930428090428091,0.095970791049646,0.8466666666666667,0.11944315244779279,0.8557109557109556,0.13749411865012234,0.9430952380952382,0.050174864292818186
Positive,4.75,1.0,linear,0.7930859199280251,0.06370276251877226,0.6799999999999999,0.06531972647421809,0.7682142857142857,0.12158958745623648,0.8731168831168832,0.1689440681455809
Negative,4.75,1.0,linear,0.9217986055812144,0.03768039330072509,0.8666666666666668,0.059628479399994376,0.8913736263736265,0.08689731978309137,0.9634981684981685,0.04734721298237243
Positive,4.75,1.25,linear,0.8607847316082611,0.06362022496537584,0.8133333333333335,0.0653197264742181,0.8732181707181708,0.04560326421950123,0.8536907536907536,0.09988921451283105
Negative,4.75,1.25,linear,0.8805222555222555,0.051560013435635696,0.8133333333333335,0.07180219742846009,0.8430569430569429,0.08044343845726083,0.9289238539238539,0.06617340072649412
Positive,4.75,1.5,linear,0.8331661401818893,0.05485664704565052,0.78,0.06000000000000003,0.9633333333333335,0.05859465277082313,0.7494050394050396,0.12269464553144906
Negative,4.75,1.5,linear,0.8740450853494333,0.05738815590125503,0.8066666666666666,0.0866666666666667,0.8062087912087911,0.09785354354535107,0.963974358974359,0.04459051030732274
Positive,4.75,1.75,linear,0.8426852737905369,0.06012489289382611,0.7866666666666667,0.07180219742846009,0.9641233766233765,0.0560591696568391,0.7514685314685317,0.07864048778200741
Negative,4.75,1.75,linear,0.9012458925937187,0.029456082822122073,0.8466666666666669,0.042687494916218975,0.8355611055611055,0.05258801197194413,0.9818181818181818,0.036363636363636376
Positive,4.75,2.0,linear,0.8407922837396521,0.11645671306927083,0.7866666666666668,0.139204086785474,0.9495959595959595,0.07106755151171036,0.7767432567432568,0.17036734432087067
Negative,4.75,2.0,linear,0.8907718320327017,0.07638932661554755,0.8266666666666665,0.10413666234542208,0.8336813186813185,0.1040698422923896,0.9623834498834499,0.0475405285950484
Positive,4.75,2.25,linear,0.8550434348260435,0.05745375398859224,0.7866666666666667,0.07774602526460404,0.9447979797979797,0.05904213216055361,0.791133866133866,0.10682598943169563
Negative,4.75,2.25,linear,0.8598536246362334,0.06183787470605103,0.7866666666666667,0.08326663997864532,0.8001098901098901,0.11254173253662332,0.9444733044733045,0.06159374539441119
Positive,4.75,2.5,linear,0.8679796840586315,0.07428743802587444,0.8400000000000002,0.053333333333333344,0.9423737373737374,0.07690260935348657,0.8122632922632922,0.10686899972256868
Negative,4.75,2.5,linear,0.8808161065987153,0.03975533818936722,0.8066666666666666,0.06289320754704406,0.8192540792540791,0.05299549971404715,0.9565501165501166,0.05751562973046907
Positive,4.75,2.75,linear,0.7944482049112552,0.08350368604263138,0.74,0.1008849730028104,0.9641233766233768,0.0560591696568391,0.6834615384615385,0.11525127623259228
Negative,4.75,2.75,linear,0.8944124563460949,0.04732634851444489,0.8400000000000001,0.06798692684790382,0.8467932067932068,0.08401528290415301,0.9574592074592075,0.05668039595921908
Positive,4.75,3.0,linear,0.8617748582462541,0.09633338290989375,0.8133333333333335,0.11469767022723505,0.9532142857142858,0.05843298097227389,0.7971012321012321,0.14282754903491188
Negative,4.75,3.0,linear,0.8848141230749926,0.08128051627530657,0.8400000000000002,0.09521904571390469,0.8477816627816628,0.09808308810501049,0.9287723387723388,0.07432223677365768
Positive,4.75,3.25,linear,0.8762556326878579,0.04277598452147249,0.8333333333333333,0.04472135954999579,0.9809090909090908,0.03823589244511471,0.7955827505827505,0.06878973997050827
Negative,4.75,3.25,linear,0.90003394029481,0.054774661367507325,0.8533333333333333,0.06531972647421809,0.8516067266067265,0.09404657850793743,0.9633333333333333,0.04521553322083512
Positive,5.0,1.0,linear,0.7558061986322857,0.08346555177160432,0.6199999999999999,0.11175369742826809,0.6888522588522589,0.1193083778935408,0.8570551670551672,0.09996140845777068
Negative,5.0,1.0,linear,0.9039342251950947,0.07666993690531247,0.8533333333333335,0.10241527663824812,0.86993672993673,0.09001472993487793,0.9427777777777777,0.06890008869531462
Positive,5.0,1.25,linear,0.790682722364308,0.09163392250161498,0.7266666666666667,0.13148721948877348,0.8586904761904762,0.17329183340195098,0.7675757575757576,0.1244116446345822
Negative,5.0,1.25,linear,0.9096739862392036,0.05337394414349172,0.8533333333333333,0.08326663997864532,0.8711288711288712,0.08213495572498447,0.9565501165501166,0.04380820441884751
Positive,5.0,1.5,linear,0.842310957465083,0.08184306985009834,0.7933333333333334,0.09637888196533975,0.8948232323232324,0.08159350386190063,0.8027849927849928,0.11062303645533805
Negative,5.0,1.5,linear,0.8909826807652894,0.055247941858891356,0.8333333333333334,0.07453559924999302,0.8433316683316685,0.08522231325658623,0.9516161616161616,0.06344921977014259
Positive,5.0,1.75,linear,0.8477448464997261,0.05295153150132283,0.7933333333333332,0.06289320754704406,0.9489646464646466,0.052089838895817545,0.77506882006882,0.1004230130005131
Negative,5.0,1.75,linear,0.8785736769624238,0.08440496077809738,0.8333333333333334,0.10434983894999018,0.847008547008547,0.11936854460517282,0.9188145188145189,0.04588575955896482
Positive,5.0,2.0,linear,0.8178941560675307,0.09191124429027131,0.7666666666666667,0.11254628677422757,0.9323809523809524,0.07510872274107996,0.7427078477078476,0.13313611187717656
Negative,5.0,2.0,linear,0.8880089282697978,0.04692292236576964,0.8200000000000001,0.06699917080747263,0.8265201465201464,0.08269662976142018,0.9670995670995671,0.040535179369004776
Positive,5.0,2.25,linear,0.8114364470425853,0.10208522343909925,0.76,0.09521904571390469,0.9432828282828283,0.06200327558317017,0.738073038073038,0.16212484571820238
Negative,5.0,2.25,linear,0.8695883681535855,0.038687535903730204,0.8066666666666666,0.05537749241945385,0.7907925407925409,0.07083764210467879,0.9725757575757576,0.04205712368781967
Positive,5.0,2.5,linear,0.8660593281623029,0.07553193110850824,0.82,0.08969082698049143,0.99,0.029999999999999992,0.7772077922077922,0.11278165685639464
Negative,5.0,2.5,linear,0.8657025898078532,0.036765159885007455,0.7933333333333333,0.046666666666666703,0.783080253080253,0.0604634279978955,0.9732167832167832,0.04124101788348962
Positive,5.0,2.75,linear,0.8747261072261073,0.0667941860110864,0.8400000000000001,0.08,0.9484090909090908,0.0687555407233867,0.8201515151515151,0.10227508414792708
Negative,5.0,2.75,linear,0.9010445448271536,0.05188316082454537,0.8533333333333333,0.07180219742846006,0.8569580419580418,0.07817060802993561,0.9555122655122655,0.05588087319383759
Positive,5.0,3.0,linear,0.8115051108162563,0.06079206225317026,0.7733333333333333,0.0611010092660779,0.9271031746031746,0.08230393110192205,0.7282323232323233,0.08189404451539241
Negative,5.0,3.0,linear,0.8849604067430155,0.03143331113971483,0.82,0.052068331172711056,0.8281862581862581,0.08628197837400484,0.9631313131313132,0.058987218010199446
Positive,5.0,3.25,linear,0.8456626946511857,0.08161450540188116,0.8,0.0894427190999916,0.930521978021978,0.061968209487653345,0.7856099456099456,0.12751549845495777
Negative,5.0,3.25,linear,0.8951839232891865,0.04026294043403755,0.8333333333333333,0.06146362971528592,0.8687279387279385,0.0855547051030036,0.9416666666666668,0.1002335707609132
Positive,5.25,1.0,linear,0.822967829272177,0.09425885287639789,0.7133333333333334,0.12310790208412926,0.7604761904761906,0.15220302111715195,0.937062937062937,0.09639194931531624
Negative,5.25,1.0,linear,0.9107929981618137,0.03783971095142291,0.8533333333333333,0.05811865258054233,0.8701764901764901,0.05000258132356147,0.95995670995671,0.0635733852158989
Positive,5.25,1.25,linear,0.7733805100987763,0.13049153789433962,0.7000000000000001,0.16666666666666669,0.8481349206349206,0.2138788060467631,0.757921522921523,0.10438991768467372
Negative,5.25,1.25,linear,0.9047745153397327,0.03847840446466718,0.8466666666666667,0.06000000000000001,0.8699633699633701,0.0876551112888854,0.9529054279054279,0.051867755621928364
Positive,5.25,1.5,linear,0.8877351481470475,0.06594958284650122,0.8333333333333333,0.1043498389499902,0.9436363636363636,0.07372049066441196,0.8486596736596737,0.1036692846019158
Negative,5.25,1.5,linear,0.9029287612971822,0.08153317166985635,0.8600000000000001,0.11718930554164632,0.8606654456654456,0.1295705188148019,0.9617521367521368,0.04787898474506006
Positive,5.25,1.75,linear,0.844168375484165,0.08825905381066733,0.8,0.09888264649460886,0.9484848484848485,0.053089793471051465,0.772070707070707,0.13490258249794868
Negative,5.25,1.75,linear,0.8596143978066175,0.085588983333543,0.7866666666666667,0.12927146286443544,0.8056943056943057,0.13794334812742168,0.9373304473304472,0.06693386886264698
Positive,5.25,2.0,linear,0.8632871572871572,0.05047811188390922,0.8,0.07888106377466157,0.9334848484848484,0.06263442843472232,0.8076856476856478,0.07574227163886485
Negative,5.25,2.0,linear,0.9059508863791985,0.07139144304920884,0.8533333333333333,0.09333333333333335,0.878031968031968,0.0948638792674276,0.9399725274725274,0.055902243232996716
Positive,5.25,2.25,linear,0.7837878901184864,0.08379567787565921,0.72,0.09333333333333334,0.9273376623376622,0.06126388511592606,0.6865517815517815,0.11703200887731842
Negative,5.25,2.25,linear,0.9116068713894802,0.04334386615367794,0.8600000000000001,0.06289320754704404,0.8886197136197136,0.07270516702333103,0.9408658008658008,0.05085021406208489
Positive,5.25,2.5,linear,0.8489564971678984,0.06789776986488212,0.8200000000000001,0.06000000000000001,0.9675,0.06712860791048775,0.767026862026862,0.10152371643028003
Negative,5.25,2.5,linear,0.905456122824544,0.04927042939946817,0.8533333333333333,0.07774602526460403,0.8497552447552448,0.07399780484112008,0.9733333333333333,0.04096068575814837
Positive,5.25,2.75,linear,0.8476269232330613,0.07317209941980106,0.7866666666666666,0.09333333333333334,0.9672979797979799,0.05053802585116446,0.7629226329226328,0.11159350753981613
Negative,5.25,2.75,linear,0.9125529789217947,0.05669908601902786,0.86,0.08666666666666668,0.8665134865134865,0.10401305801531487,0.9756410256410255,0.05268903227701156
Positive,5.25,3.0,linear,0.8229078130107877,0.078149940983492,0.7666666666666668,0.10434983894999023,0.9480555555555557,0.06923356871516184,0.7375474525474527,0.11738816712708018
Negative,5.25,3.0,linear,0.8781954673007304,0.057050496191807624,0.8133333333333332,0.07774602526460403,0.8320662670662671,0.08978534854102081,0.9377405927405927,0.061209288438173005
Positive,5.25,3.25,linear,0.820592412403558,0.06957496757622325,0.78,0.07916228058025282,0.9162698412698411,0.09320667493779855,0.7513636363636365,0.09234446244861673
Negative,5.25,3.25,linear,0.8934343600205669,0.07637771825879117,0.8400000000000001,0.10413666234542208,0.8404445554445555,0.11872609766891803,0.9643217893217895,0.044639981979214725
Positive,5.5,1.0,linear,0.8310539460539459,0.08695731891450592,0.72,0.12220201853215575,0.7290476190476192,0.11715543873588126,0.9809090909090908,0.03823589244511471
Negative,5.5,1.0,linear,0.8745304984870202,0.051393095492364746,0.7999999999999999,0.07302967433402217,0.8075091575091575,0.10675142171757329,0.9694805194805193,0.04945733512812889
Positive,5.5,1.25,linear,0.8217716684535906,0.10124467467237813,0.7533333333333333,0.12310790208412928,0.9174353424353423,0.07573210426873135,0.7668997668997669,0.16514600422131212
Negative,5.5,1.25,linear,0.9317824326703047,0.051421722102072034,0.8933333333333335,0.07423685817106694,0.896849816849817,0.07167520115361647,0.9721056721056721,0.04329707414920073
Positive,5.5,1.5,linear,0.8342902711323765,0.06944606613445554,0.7733333333333333,0.09521904571390469,0.9211363636363636,0.05746046071390782,0.7757792207792208,0.12462933743316695
Negative,5.5,1.5,linear,0.8804371232632102,0.0626353220320952,0.8133333333333335,0.08844332774281069,0.8169413919413919,0.10495193483767873,0.9657142857142859,0.05352855427198628
Positive,5.5,1.75,linear,0.7963562067223395,0.08427889277844855,0.74,0.1008849730028104,0.8822546897546898,0.08991811176021947,0.7378787878787879,0.1264148577242546
Negative,5.5,1.75,linear,0.8834557738219067,0.08195553004244706,0.8266666666666668,0.12000000000000002,0.8304195804195803,0.13412128415223562,0.96,0.06289320754704401
Positive,5.5,2.0,linear,0.8001064900012269,0.06345907750413332,0.7466666666666666,0.07774602526460403,0.9446031746031747,0.0959509039234067,0.7037892662892663,0.08586205347696378
Negative,5.5,2.0,linear,0.9027160334219158,0.06930527342826184,0.8533333333333333,0.07180219742846007,0.8613919413919413,0.07286228082590969,0.9512820512820512,0.08329387626041429
Positive,5.5,2.25,linear,0.8585916305916307,0.04948742983445825,0.8133333333333335,0.07180219742846009,0.9488888888888889,0.06798692684790379,0.7911704961704962,0.07899853656875261
Negative,5.5,2.25,linear,0.9163857591683678,0.03130127013835388,0.8666666666666666,0.04216370213557838,0.8678937728937729,0.06394727658732233,0.9755244755244755,0.03756097622935883
Positive,5.5,2.5,linear,0.8026805873864697,0.06755906418547664,0.76,0.0611010092660779,0.9488455988455989,0.06529039384985585,0.7067560217560217,0.11189616549460134
Negative,5.5,2.5,linear,0.8799462518158171,0.051602486116187715,0.8133333333333332,0.07180219742846009,0.8426123876123877,0.08930475049865585,0.9315068265068265,0.06548705592805287
Positive,5.5,2.75,linear,0.8614416907183096,0.06985580166049803,0.8,0.09888264649460884,0.9594444444444445,0.050187918471419284,0.7877289377289377,0.10505140715710692
Negative,5.5,2.75,linear,0.8536964604023428,0.07766389489332054,0.8066666666666664,0.09165151389911683,0.8145454545454545,0.12277066198959229,0.9085367410367411,0.06438171725635622
Positive,5.5,3.0,linear,0.8183433220732992,0.07062884669090168,0.78,0.06000000000000003,0.9059090909090909,0.07140271078494159,0.7538172938172939,0.10292084067596174
Negative,5.5,3.0,linear,0.8931297956827546,0.08879920819139381,0.8533333333333333,0.10666666666666667,0.8751709401709402,0.11300060897514232,0.9227272727272726,0.10577884651943673
Positive,5.5,3.25,linear,0.8566825360667062,0.06104662413757606,0.8,0.0843274042711568,0.9505147630147631,0.06515965256236257,0.7854351204351204,0.08607511441170589
Negative,5.5,3.25,linear,0.8757073178537709,0.07885818681647958,0.8200000000000001,0.1077032961426901,0.8681385281385282,0.1075715678541651,0.8917773892773895,0.08415123605999666
Positive,5.75,1.0,linear,0.7925252525252525,0.04243073543385996,0.6666666666666666,0.06666666666666668,0.7452980352980353,0.11297497118872112,0.8712354312354312,0.08944516118370024
Negative,5.75,1.0,linear,0.8673691167718628,0.06526581466784179,0.8066666666666669,0.09165151389911683,0.7893306693306694,0.08720601022105318,0.9680555555555556,0.04970980602270356
Positive,5.75,1.25,linear,0.7748292866553738,0.12067156574484478,0.6733333333333332,0.1724335620850342,0.7594505494505495,0.21990466867308014,0.8538145188145189,0.11706571469693182
Negative,5.75,1.25,linear,0.9403344302756068,0.04643732367669958,0.9066666666666666,0.07423685817106697,0.9305860805860806,0.0806794746856427,0.9567210567210566,0.05609391350709201
Positive,5.75,1.5,linear,0.8351377576671695,0.0762983015073725,0.7933333333333332,0.0866666666666667,0.9454365079365081,0.06810644124736072,0.7567632367632366,0.11177969382812342
Negative,5.75,1.5,linear,0.9166887465358229,0.0454613710298234,0.8666666666666666,0.07302967433402216,0.8768065268065268,0.08547111185455947,0.9675757575757575,0.04010546244015929
Positive,5.75,1.75,linear,0.8064768874056799,0.11069148565992012,0.76,0.10413666234542208,0.9064971139971141,0.07015533041971654,0.743104118104118,0.16146255929332243
Negative,5.75,1.75,linear,0.8863129623999189,0.04576738759088798,0.8266666666666668,0.06798692684790383,0.8179487179487179,0.06966668005216169,0.9725757575757576,0.04205712368781967
Positive,5.75,2.0,linear,0.8428912028579548,0.07244999044808745,0.8066666666666669,0.07571877794400367,0.9263095238095238,0.06284192185839915,0.7802480852480852,0.10440893180356221
Negative,5.75,2.0,linear,0.8730892296109687,0.06507503318596554,0.8066666666666666,0.09165151389911684,0.8159740259740259,0.06883061068683828,0.9418181818181818,0.07694583261635934
Positive,5.75,2.25,linear,0.8064696053860143,0.09327130213837974,0.7733333333333333,0.0997775303139718,0.9662698412698413,0.05321752591250296,0.7058158508158509,0.14081008444781276
Negative,5.75,2.25,linear,0.848991822991823,0.06837663460859528,0.7866666666666666,0.07774602526460403,0.7747335997335998,0.09797532810978928,0.949047619047619,0.06952380952380952
Positive,5.75,2.5,linear,0.7967076039902127,0.15083422929170376,0.7600000000000001,0.10413666234542208,0.8845454545454545,0.1407212824658835,0.7382506382506383,0.17903583416726324
Negative,5.75,2.5,linear,0.8961098128924216,0.049300990336374396,0.8333333333333333,0.08027729719194865,0.8535531135531136,0.07451791958806638,0.9490093240093239,0.05839570843888908
Positive,5.75,2.75,linear,0.8816049731267123,0.06948943874284752,0.8466666666666667,0.07333333333333335,0.9603571428571428,0.05001147827432891,0.822121212121212,0.10697270147724923
Negative,5.75,2.75,linear,0.9186617835931337,0.057088092462463866,0.8733333333333333,0.08666666666666666,0.8735514485514486,0.09615593242875377,0.9754329004329005,0.037782964758327924
Positive,5.75,3.0,linear,0.819036141465809,0.12406837214615259,0.7733333333333335,0.12719189352225943,0.9193939393939393,0.07845279690820545,0.7544988344988346,0.16919428479037638
Negative,5.75,3.0,linear,0.8526111155561956,0.10045287205765156,0.7866666666666667,0.12578641509408808,0.8026723276723275,0.1483495369519361,0.9253296703296703,0.06108947110141773
Positive,5.75,3.25,linear,0.8417082350054486,0.07533714507181005,0.78,0.08969082698049143,0.9566666666666667,0.07788880963698615,0.7565367965367966,0.09764442322877503
Negative,5.75,3.25,linear,0.9151160658986747,0.04718226084430987,0.86,0.07571877794400364,0.8862271062271063,0.07447976439529169,0.9511904761904763,0.05467125001526207
Positive,6.0,1.0,linear,0.8090562818823688,0.08111628850461768,0.6866666666666668,0.10770329614269007,0.699047619047619,0.09915287447677351,0.9680555555555556,0.04970980602270356
Negative,6.0,1.0,linear,0.9057171459780156,0.03641775452776107,0.8466666666666667,0.06000000000000001,0.8665684315684317,0.07525813583537917,0.9584415584415584,0.06667790988568018
Positive,6.0,1.25,linear,0.8434624604990738,0.08030207329265011,0.7733333333333332,0.13063945294843618,0.8358730158730159,0.1508808436301732,0.8725252525252525,0.06279677016721752
Negative,6.0,1.25,linear,0.8778749366575453,0.040354194605796326,0.8066666666666666,0.05537749241945386,0.8376373626373625,0.08582012852399301,0.9324475524475526,0.05990456491493622
Positive,6.0,1.5,linear,0.8550707466954608,0.07433060404919048,0.8,0.09888264649460886,0.8891919191919191,0.07132779486979568,0.8267676767676768,0.09126781077882136
Negative,6.0,1.5,linear,0.9116306169464063,0.05430899302134126,0.8800000000000001,0.06531972647421808,0.8583660783660785,0.08440048118192765,0.9777777777777779,0.04444444444444447
Positive,6.0,1.75,linear,0.8638374858715416,0.06158924771107906,0.8266666666666668,0.0679869268479038,0.9396153846153847,0.07645627593714929,0.8098329448329448,0.1057224565386819
Negative,6.0,1.75,linear,0.905689958994307,0.06743284782268114,0.8466666666666667,0.10349449797506685,0.8507992007992009,0.10126984290623943,0.9745238095238096,0.03944125054936721
Positive,6.0,2.0,linear,0.8431442753464561,0.08276313473449996,0.7933333333333333,0.09637888196533975,0.9391233766233766,0.08350927693246482,0.7735403485403485,0.11241570438204429
Negative,6.0,2.0,linear,0.917547728133935,0.0530869156879945,0.8733333333333333,0.07571877794400368,0.8743273393273393,0.08724842217314167,0.9718181818181819,0.04311238436865228
Positive,6.0,2.25,linear,0.856940836940837,0.05901029797837538,0.8133333333333332,0.08326663997864533,0.978409090909091,0.04384950313994259,0.7682700632700633,0.09261311966782847
Negative,6.0,2.25,linear,0.8594349692175779,0.06997070056062701,0.7866666666666668,0.09797958971132714,0.8196636696636699,0.09723600315205354,0.908923853923854,0.059016782008847773
Positive,6.0,2.5,linear,0.8445246583481877,0.05154774221782503,0.7933333333333333,0.05537749241945387,0.9709090909090909,0.04449904818371061,0.7538111888111889,0.08757023934175352
Negative,6.0,2.5,linear,0.8503805276848755,0.08132443711984874,0.7666666666666666,0.11642832797715323,0.7699999999999999,0.11956444029254087,0.9623834498834499,0.0475405285950484
Positive,6.0,2.75,linear,0.8587649197394789,0.06696333663283846,0.8266666666666665,0.06110100926607787,0.9235606060606061,0.06804063665865126,0.8108372183372184,0.10509099182300112
Negative,6.0,2.75,linear,0.8849045302523564,0.06550072329159955,0.8333333333333334,0.08027729719194865,0.8202380952380952,0.09995038451691601,0.968931068931069,0.04993696132212812
Positive,6.0,3.0,linear,0.8185183547103051,0.08363031962705743,0.7733333333333332,0.10413666234542207,0.9284920634920635,0.05934279354206938,0.7444017094017095,0.12968723546747496
Negative,6.0,3.0,linear,0.8783430579082753,0.0816725841049598,0.8200000000000001,0.1194431524477928,0.8109523809523811,0.14726966717072001,0.9818181818181818,0.05454545454545453
Positive,6.0,3.25,linear,0.8263419913419912,0.08266936533606704,0.7799999999999999,0.09451631252505219,0.9132395382395382,0.10130384648567885,0.7740909090909092,0.13731728823866085
Negative,6.0,3.25,linear,0.8660169395821569,0.07538118214643497,0.7999999999999999,0.10327955589886445,0.8060939060939061,0.09067297613516928,0.9405050505050505,0.0808136992996259
